"type","sum_mean1","sum_mean2"
"CAR",114260.088165919,114260.088165919
"CE",140296.02499644,140296.02499644
"Cer",32409.8513139089,32409.8513139089
"DAG",510866.029300372,510866.029300372
"PC",651695.008095423,651695.008095423
"PE",449195.252997398,449195.252997398
"PG",8143.58720874787,8143.58720874787
"PI",6567.67360432943,6567.67360432943
"PS",148636.81782945,148636.81782945
"SM",222654.21197923,222654.21197923
"TAG",326694.082980156,326694.082980156
